customer_id,customer_name,email,city,country,signup_date
145,Fatima Björk,fatima.björk36@example.com,Warsaw,Poland,2024-08-26
473,Tomas Rahman,tomas.rahman35@example.com,Gothenburg,Sweden,2024-01-22
1,Petra Berg,petra.berg95@example.com,Stockholm,Sweden,2023-10-09
95,Omar Karlsson,omar.karlsson79@example.com,Warsaw,Poland,2023-03-16
78,Nils Karlsson,nils.karlsson4@example.com,Norrköping,Sweden,2024-11-06
13,Layla Patel,layla.patel48@example.com,Linköping,Sweden,2023-12-30
211,Fatima Olsson,fatima.olsson87@example.com,Copenhagen,Denmark,2024-11-06
159,Nadia Strand,nadia.strand61@example.com,Zurich,Switzerland,2023-10-26
61,Erik Martínez,erik.martínez91@example.com,Tallinn,Estonia,2023-11-06
255,Amina Ali,amina.ali20@example.com,Helsingborg,Sweden,2024-11-03
236,Leo Holm,leo.holm17@example.com,Stockholm,Sweden,2023-01-16
344,David Svensson,david.svensson45@example.com,Paris,France,2024-04-02
114,Hanna Björk,hanna.björk60@example.com,Linköping,Sweden,2023-05-11
345,Nils Patel,nils.patel56@example.com,Zurich,Switzerland,2023-10-09
270,Fatima Löfgren,fatima.löfgren98@example.com,Örebro,Sweden,2023-09-19
34,Nils Olsson,nils.olsson28@example.com,London,UK,2024-07-06
292,Sara Ali,sara.ali6@example.com,Linköping,Sweden,2023-09-11
449,Tomas Rahman,tomas.rahman10@example.com,Brussels,Belgium,2023-02-16
141,Jonas Johansson,jonas.johansson48@example.com,Brussels,Belgium,2024-04-29
181,Björn Strand,björn.strand66@example.com,Oslo,Norway,2024-12-23
229,Jonas Patel,jonas.patel88@example.com,Uppsala,Sweden,2024-01-12
498,Jonas Strand,jonas.strand39@example.com,Norrköping,Sweden,2024-12-01
196,Ana Löfgren,ana.löfgren70@example.com,Warsaw,Poland,2023-02-06
251,Sara Nguyen,sara.nguyen96@example.com,Uppsala,Sweden,2024-01-17
406,Ines Rahman,ines.rahman42@example.com,Tallinn,Estonia,2024-11-09
384,Hanna Ali,hanna.ali31@example.com,Paris,France,2023-08-09
266,Björn Olsson,björn.olsson54@example.com,Paris,France,2023-10-07
268,Rashid Eriksson,rashid.eriksson68@example.com,Warsaw,Poland,2024-11-14
392,Mikael Löfgren,mikael.löfgren26@example.com,Örebro,Sweden,2024-09-08
10,Petra Olsson,petra.olsson74@example.com,Berlin,Germany,2023-07-16
275,Sofia Wallin,sofia.wallin38@example.com,London,UK,2023-04-28
21,Tomas Eriksson,tomas.eriksson75@example.com,London,UK,2024-02-13
42,David Patel,david.patel53@example.com,London,UK,2024-04-23
105,Nadia Nilsson,nadia.nilsson31@example.com,Oslo,Norway,2023-10-06
439,Björn Lindqvist,björn.lindqvist96@example.com,Paris,France,2024-09-12
112,Karl Olsson,karl.olsson63@example.com,Norrköping,Sweden,2023-08-13
97,Hanna Karlsson,,Örebro,Sweden,2024-12-05
328,Sara Ali,sara.ali9@example.com,Berlin,Germany,2024-06-22
52,Amina Kim,amina.kim68@example.com,Riga,Latvia,2023-06-11
470,Yusuf Strand,yusuf.strand60@example.com,Örebro,Sweden,2023-03-01
273,Henrik Patel,henrik.patel51@example.com,Malmö,Sweden,2023-02-13
338,Fatima Johansson,fatima.johansson7@example.com,Berlin,Germany,2024-11-02
332,Riya Eriksson,riya.eriksson18@example.com,Helsinki,Finland,2023-02-15
361,Amina Patel,amina.patel71@example.com,Paris,France,2023-05-13
475,Karl Rahman,karl.rahman27@example.com,Warsaw,Poland,2023-12-07
283,Riya Eriksson,riya.eriksson58@example.com,Brussels,Belgium,2024-11-28
146,Ines Olsson,ines.olsson13@example.com,Oslo,Norway,2023-07-18
262,Alice Nilsson,alice.nilsson28@example.com,Riga,Latvia,2024-01-21
264,Amina Olsson,amina.olsson7@example.com,Malmö,Sweden,2023-06-09
238,Omar Lindqvist,omar.lindqvist68@example.com,London,UK,2023-04-27
424,Erik Hassan,erik.hassan64@example.com,Amsterdam,Netherlands,2023-07-10
356,Nadia Svensson,nadia.svensson12@example.com,Paris,France,2024-11-29
288,Sara Wallin,sara.wallin79@example.com,Malmö,Sweden,2024-08-31
186,Björn Lindqvist,björn.lindqvist69@example.com,Paris,France,2024-05-10
348,Rashid Martínez,rashid.martínez17@example.com,Gothenburg,Sweden,2023-03-10
98,Riya Löfgren,riya.löfgren55@example.com,Uppsala,Sweden,2023-08-13
422,Victor Löfgren,victor.löfgren84@example.com,Malmö,Sweden,2024-08-10
121,Jonas Rahman,jonas.rahman80@example.com,Stockholm,Sweden,2023-06-06
393,Ines Hassan,ines.hassan5@example.com,Gothenburg,Sweden,2023-05-21
214,Sara Johansson,sara.johansson96@example.com,Helsinki,Finland,2024-03-01
388,Mikael Hassan,mikael.hassan7@example.com,Amsterdam,Netherlands,2024-08-06
265,Gustav Hassan,gustav.hassan35@example.com,Malmö,Sweden,2024-03-29
20,Lena Lindqvist,lena.lindqvist96@example.com,Norrköping,Sweden,2024-07-28
32,Sara Nilsson,sara.nilsson9@example.com,Warsaw,Poland,2024-06-29
294,Victor Johansson,victor.johansson53@example.com,Amsterdam,Netherlands,2023-12-13
180,Victor Berg,victor.berg16@example.com,Paris,France,2024-10-25
360,Fatima Lindqvist,fatima.lindqvist64@example.com,Norrköping,Sweden,2023-01-27
456,Riya Andersson,riya.andersson60@example.com,Oslo,Norway,2024-11-20
297,Gustav Lindqvist,gustav.lindqvist11@example.com,Helsinki,Finland,2024-08-19
137,Astrid Persson,astrid.persson90@example.com,Zurich,Switzerland,2023-10-10
314,Nils Berg,nils.berg11@example.com,Oslo,Norway,2023-06-14
249,Astrid Nguyen,astrid.nguyen86@example.com,Helsinki,Finland,2023-09-19
467,Björn Hassan,björn.hassan83@example.com,Berlin,Germany,2024-11-18
15,Tomas Karlsson,tomas.karlsson60@example.com,Linköping,Sweden,2024-01-24
66,Lena Ali,lena.ali33@example.com,Warsaw,Poland,2023-02-22
71,Maria Nguyen,maria.nguyen6@example.com,Örebro,Sweden,2023-11-12
278,Ines Nilsson,ines.nilsson40@example.com,Amsterdam,Netherlands,2023-12-14
340,Hanna Schmidt,hanna.schmidt64@example.com,Linköping,Sweden,2024-12-09
302,Ines Patel,ines.patel47@example.com,Stockholm,Sweden,2023-11-13
308,Mikael Holm,mikael.holm57@example.com,Norrköping,Sweden,2024-09-17
240,Ines Karlsson,ines.karlsson6@example.com,Zurich,Switzerland,2024-11-05
468,Ines Schmidt,ines.schmidt53@example.com,London,UK,2023-06-02
444,Fatima Eriksson,fatima.eriksson20@example.com,Tallinn,Estonia,2023-06-18
276,Astrid Svensson,astrid.svensson59@example.com,Zurich,Switzerland,2024-12-07
5,David Karlsson,david.karlsson76@example.com,Paris,France,2023-10-12
274,Nadia Nilsson,nadia.nilsson74@example.com,Helsinki,Finland,2024-03-15
29,Maria Patel,maria.patel70@example.com,Linköping,Sweden,2024-06-27
324,Henrik Olsson,henrik.olsson9@example.com,Paris,France,2023-04-24
73,Leo Patel,leo.patel53@example.com,Tallinn,Estonia,2024-09-27
11,Omar Holm,omar.holm99@example.com,Norrköping,Sweden,2023-10-24
123,Lena Löfgren,lena.löfgren22@example.com,Berlin,Germany,2024-09-12
313,Björn Patel,björn.patel14@example.com,Tallinn,Estonia,2024-12-29
245,Gustav Ali,gustav.ali59@example.com,Oslo,Norway,2024-06-01
312,Erik Rahman,erik.rahman18@example.com,Zurich,Switzerland,2023-09-14
54,Nils Karlsson,nils.karlsson16@example.com,Amsterdam,Netherlands,2024-08-06
106,Ana Larsson,ana.larsson18@example.com,Malmö,Sweden,2023-06-04
219,Hanna Andersson,hanna.andersson69@example.com,Copenhagen,Denmark,2023-05-07
425,Nils Johansson,nils.johansson2@example.com,Gothenburg,Sweden,2023-11-02
64,Leo Björk,leo.björk20@example.com,Tallinn,Estonia,2023-10-06
160,Yusuf Strand,yusuf.strand90@example.com,Oslo,Norway,2024-04-09
65,Fatima Strand,fatima.strand27@example.com,Helsinki,Finland,2024-12-04
377,Nadia Rahman,nadia.rahman78@example.com,Helsinki,Finland,2023-05-28
50,Tomas Larsson,tomas.larsson20@example.com,Warsaw,Poland,2023-07-14
333,Astrid Wallin,astrid.wallin88@example.com,Linköping,Sweden,2024-04-20
486,Petra Björk,petra.björk59@example.com,Warsaw,Poland,2023-06-22
220,Rashid Björk,rashid.björk75@example.com,Copenhagen,Denmark,2024-01-26
259,Gustav Holm,gustav.holm4@example.com,Copenhagen,Denmark,2023-07-04
443,Victor Eriksson,victor.eriksson8@example.com,Uppsala,Sweden,2024-07-14
233,Henrik Eriksson,henrik.eriksson9@example.com,Helsingborg,Sweden,2024-07-21
414,Yusuf Strand,yusuf.strand45@example.com,Malmö,Sweden,2024-03-28
58,Yusuf Martínez,,Helsinki,Finland,2023-03-16
132,Petra Persson,petra.persson69@example.com,Zurich,Switzerland,2024-05-10
191,Björn Hassan,björn.hassan65@example.com,Örebro,Sweden,2024-08-27
484,Jonas Okafor,jonas.okafor32@example.com,Brussels,Belgium,2024-05-26
207,Nils Kim,nils.kim31@example.com,Uppsala,Sweden,2024-01-26
135,Amina Olsson,amina.olsson44@example.com,Amsterdam,Netherlands,2023-01-30
334,Björn Wallin,björn.wallin18@example.com,Linköping,Sweden,2023-03-06
189,Riya Nguyen,riya.nguyen41@example.com,Gothenburg,Sweden,2024-04-29
411,Björn Schmidt,björn.schmidt45@example.com,Warsaw,Poland,2024-07-27
261,Maria Eriksson,maria.eriksson9@example.com,Amsterdam,Netherlands,2023-05-26
120,Mikael Karlsson,mikael.karlsson84@example.com,Malmö,Sweden,2023-02-11
83,Leo Okafor,leo.okafor25@example.com,Brussels,Belgium,2023-09-18
147,Mikael Svensson,mikael.svensson2@example.com,Oslo,Norway,2024-12-26
234,Fatima Karlsson,,Helsinki,Finland,2024-09-02
69,David Larsson,david.larsson15@example.com,Stockholm,Sweden,2023-03-19
208,Amina Johansson,amina.johansson3@example.com,Oslo,Norway,2024-11-05
320,Maria Löfgren,,Warsaw,Poland,2024-09-22
184,Lena Löfgren,lena.löfgren44@example.com,London,UK,2024-06-03
492,Rashid Olsson,,Warsaw,Poland,2024-05-14
99,Sofia Ali,sofia.ali7@example.com,Paris,France,2024-07-24
369,Karl Persson,karl.persson81@example.com,Örebro,Sweden,2023-11-07
358,Yusuf Johansson,yusuf.johansson92@example.com,Linköping,Sweden,2024-12-27
173,Sara Schmidt,sara.schmidt42@example.com,Copenhagen,Denmark,2023-04-29
303,Fatima Schmidt,fatima.schmidt25@example.com,Warsaw,Poland,2023-08-20
472,Fatima Schmidt,fatima.schmidt58@example.com,Malmö,Sweden,2024-01-15
243,Sara Nilsson,sara.nilsson78@example.com,Helsinki,Finland,2023-06-01
389,Mikael Larsson,mikael.larsson10@example.com,Oslo,Norway,2024-01-31
376,Sara Strand,sara.strand21@example.com,Gothenburg,Sweden,2024-03-26
451,Björn Hassan,björn.hassan53@example.com,Oslo,Norway,2023-07-04
62,Henrik Wallin,henrik.wallin2@example.com,Riga,Latvia,2024-11-14
31,Ana Johansson,ana.johansson8@example.com,Norrköping,Sweden,2023-09-04
153,Yusuf Nilsson,yusuf.nilsson16@example.com,Norrköping,Sweden,2024-07-25
35,Sofia Rahman,sofia.rahman52@example.com,Oslo,Norway,2024-11-18
466,Amina Björk,amina.björk81@example.com,Linköping,Sweden,2024-11-26
496,Jonas Rahman,jonas.rahman68@example.com,Zurich,Switzerland,2023-09-16
299,Maria Olsson,maria.olsson40@example.com,Malmö,Sweden,2024-07-26
176,Petra Martínez,petra.martínez27@example.com,Gothenburg,Sweden,2023-10-01
403,Amina Strand,amina.strand25@example.com,Uppsala,Sweden,2023-01-20
269,Jonas Okafor,jonas.okafor8@example.com,Zurich,Switzerland,2023-01-08
157,Fatima Wallin,fatima.wallin34@example.com,Helsingborg,Sweden,2024-11-07
242,David Holm,david.holm63@example.com,Uppsala,Sweden,2024-12-30
322,Tomas Olsson,tomas.olsson55@example.com,Riga,Latvia,2023-04-24
81,Lena Svensson,lena.svensson34@example.com,Brussels,Belgium,2023-02-09
136,Astrid Svensson,astrid.svensson28@example.com,Warsaw,Poland,2023-12-30
126,Sofia Rahman,sofia.rahman76@example.com,Malmö,Sweden,2024-12-08
500,Karl Kim,karl.kim82@example.com,Gothenburg,Sweden,2023-01-10
323,Jonas Johansson,jonas.johansson7@example.com,Uppsala,Sweden,2023-09-02
493,Karl Larsson,karl.larsson2@example.com,London,UK,2023-01-18
432,Rashid Berg,rashid.berg18@example.com,Linköping,Sweden,2024-05-03
497,Lena Okafor,lena.okafor48@example.com,Malmö,Sweden,2024-02-20
94,Riya Karlsson,riya.karlsson29@example.com,Oslo,Norway,2023-07-23
367,Yusuf Svensson,yusuf.svensson42@example.com,Linköping,Sweden,2024-12-27
452,Riya Wallin,riya.wallin48@example.com,London,UK,2024-01-27
420,Karl Svensson,karl.svensson84@example.com,London,UK,2024-05-02
272,Hanna Larsson,hanna.larsson65@example.com,Norrköping,Sweden,2024-07-26
480,Ana Kim,ana.kim13@example.com,Paris,France,2024-04-25
281,Jonas Berg,jonas.berg33@example.com,Örebro,Sweden,2023-07-22
218,Jonas Holm,jonas.holm72@example.com,Amsterdam,Netherlands,2024-01-10
441,Layla Rahman,layla.rahman88@example.com,Norrköping,Sweden,2024-09-02
2,Maria Björk,maria.björk87@example.com,Uppsala,Sweden,2024-07-12
100,Nils Berg,nils.berg18@example.com,Paris,France,2024-04-20
188,Nils Rahman,nils.rahman74@example.com,Norrköping,Sweden,2024-01-28
490,Layla Wallin,layla.wallin9@example.com,Norrköping,Sweden,2024-12-25
374,Petra Andersson,petra.andersson81@example.com,Warsaw,Poland,2024-07-12
437,Ana Strand,ana.strand89@example.com,Oslo,Norway,2023-05-01
448,Rashid Johansson,rashid.johansson51@example.com,Stockholm,Sweden,2023-09-18
8,Mikael Patel,mikael.patel34@example.com,Zurich,Switzerland,2023-02-14
102,Tomas Ali,tomas.ali71@example.com,London,UK,2024-04-01
111,Yusuf Löfgren,yusuf.löfgren54@example.com,Amsterdam,Netherlands,2024-07-05
319,Maria Lindqvist,maria.lindqvist37@example.com,Gothenburg,Sweden,2024-04-28
429,Sofia Svensson,sofia.svensson95@example.com,Stockholm,Sweden,2023-12-12
417,Amina Karlsson,amina.karlsson7@example.com,Norrköping,Sweden,2024-11-16
368,Ines Johansson,ines.johansson33@example.com,Malmö,Sweden,2023-07-21
495,Rashid Nguyen,rashid.nguyen14@example.com,Linköping,Sweden,2023-04-09
104,Lena Löfgren,lena.löfgren63@example.com,Riga,Latvia,2024-10-03
60,Lena Lindqvist,lena.lindqvist9@example.com,Berlin,Germany,2023-09-08
241,Nadia Wallin,nadia.wallin8@example.com,Stockholm,Sweden,2024-05-05
110,Riya Eriksson,riya.eriksson62@example.com,Amsterdam,Netherlands,2023-01-07
298,Victor Patel,victor.patel84@example.com,Oslo,Norway,2024-12-16
85,Tomas Björk,tomas.björk47@example.com,Helsingborg,Sweden,2024-03-17
442,Sara Ali,sara.ali68@example.com,Paris,France,2024-12-21
341,Victor Ali,victor.ali11@example.com,Copenhagen,Denmark,2024-03-10
381,Hanna Olsson,hanna.olsson32@example.com,London,UK,2023-06-13
250,Maria Holm,maria.holm9@example.com,Warsaw,Poland,2023-04-04
63,Yusuf Holm,yusuf.holm18@example.com,Uppsala,Sweden,2023-09-28
190,Henrik Okafor,henrik.okafor85@example.com,Amsterdam,Netherlands,2024-10-29
401,Tomas Hassan,tomas.hassan62@example.com,Brussels,Belgium,2023-06-24
239,Björn Martínez,björn.martínez66@example.com,Berlin,Germany,2024-08-30
438,Yusuf Patel,yusuf.patel29@example.com,Zurich,Switzerland,2023-08-13
166,Omar Nguyen,,Helsinki,Finland,2023-09-14
258,Layla Olsson,layla.olsson87@example.com,Zurich,Switzerland,2024-10-20
43,Omar Holm,omar.holm8@example.com,Uppsala,Sweden,2024-02-17
227,Maria Nguyen,maria.nguyen63@example.com,Uppsala,Sweden,2024-09-22
375,Yusuf Kim,yusuf.kim88@example.com,Norrköping,Sweden,2024-02-20
12,Nils Karlsson,nils.karlsson49@example.com,Uppsala,Sweden,2023-10-12
77,Jonas Rahman,jonas.rahman45@example.com,Paris,France,2023-11-09
18,Hanna Persson,hanna.persson28@example.com,Malmö,Sweden,2024-08-03
82,David Patel,david.patel56@example.com,Helsinki,Finland,2024-09-12
116,Sara Wallin,sara.wallin18@example.com,London,UK,2024-04-17
179,Alice Larsson,alice.larsson12@example.com,London,UK,2023-08-19
489,Sara Holm,sara.holm98@example.com,Gothenburg,Sweden,2023-01-07
113,Björn Andersson,björn.andersson44@example.com,Amsterdam,Netherlands,2024-11-15
25,Karl Andersson,karl.andersson88@example.com,Uppsala,Sweden,2024-07-03
122,Björn Holm,björn.holm73@example.com,Uppsala,Sweden,2023-08-12
342,Gustav Svensson,gustav.svensson38@example.com,Tallinn,Estonia,2023-11-25
232,Gustav Andersson,gustav.andersson43@example.com,Gothenburg,Sweden,2023-09-07
134,Layla Nilsson,layla.nilsson58@example.com,Copenhagen,Denmark,2023-09-07
373,Lena Wallin,lena.wallin99@example.com,Helsingborg,Sweden,2024-08-08
201,Rashid Svensson,rashid.svensson23@example.com,Linköping,Sweden,2023-03-22
418,Jonas Wallin,jonas.wallin7@example.com,Norrköping,Sweden,2023-04-13
88,Hanna Strand,hanna.strand71@example.com,Oslo,Norway,2023-05-11
80,Ines Okafor,ines.okafor43@example.com,Tallinn,Estonia,2023-01-29
90,Karl Andersson,karl.andersson37@example.com,Oslo,Norway,2023-08-04
37,Astrid Andersson,astrid.andersson71@example.com,Brussels,Belgium,2023-08-24
296,Rashid Okafor,rashid.okafor33@example.com,Oslo,Norway,2024-11-03
213,Henrik Martínez,henrik.martínez75@example.com,Gothenburg,Sweden,2024-01-09
30,Gustav Schmidt,gustav.schmidt3@example.com,Warsaw,Poland,2023-04-25
494,Lena Larsson,lena.larsson3@example.com,Oslo,Norway,2024-05-29
469,Erik Löfgren,erik.löfgren61@example.com,Tallinn,Estonia,2023-09-04
76,Henrik Strand,henrik.strand49@example.com,Uppsala,Sweden,2023-02-09
27,Nadia Andersson,nadia.andersson65@example.com,Copenhagen,Denmark,2023-07-02
477,Riya Kim,riya.kim90@example.com,Norrköping,Sweden,2024-09-10
363,Riya Nguyen,riya.nguyen10@example.com,Brussels,Belgium,2023-05-09
89,Rashid Okafor,rashid.okafor79@example.com,Linköping,Sweden,2024-08-05
433,Jonas Andersson,jonas.andersson50@example.com,Copenhagen,Denmark,2023-08-30
335,Nadia Hassan,nadia.hassan26@example.com,Oslo,Norway,2023-02-14
247,Karl Björk,karl.björk56@example.com,Helsingborg,Sweden,2024-04-07
151,Lena Kim,lena.kim9@example.com,Uppsala,Sweden,2024-02-15
174,Hanna Ali,hanna.ali85@example.com,Stockholm,Sweden,2024-07-09
364,Petra Nilsson,petra.nilsson60@example.com,Paris,France,2024-11-27
454,Nils Larsson,nils.larsson84@example.com,Örebro,Sweden,2023-12-23
329,Henrik Ali,henrik.ali3@example.com,Tallinn,Estonia,2024-02-04
380,Lena Martínez,lena.martínez19@example.com,Norrköping,Sweden,2023-04-10
115,Karl Andersson,karl.andersson76@example.com,Amsterdam,Netherlands,2024-07-31
346,Henrik Hassan,henrik.hassan86@example.com,Malmö,Sweden,2024-10-14
148,Lena Hassan,lena.hassan71@example.com,Gothenburg,Sweden,2023-10-27
177,Victor Johansson,victor.johansson90@example.com,Paris,France,2024-05-11
149,Maria Wallin,maria.wallin14@example.com,Warsaw,Poland,2023-01-13
143,Lena Johansson,lena.johansson30@example.com,Copenhagen,Denmark,2023-05-04
133,Layla Björk,layla.björk35@example.com,Brussels,Belgium,2023-11-27
192,Leo Martínez,,Uppsala,Sweden,2024-04-12
131,Layla Martínez,layla.martínez56@example.com,Örebro,Sweden,2023-06-30
57,Astrid Karlsson,astrid.karlsson51@example.com,Copenhagen,Denmark,2023-05-15
67,David Persson,david.persson1@example.com,Gothenburg,Sweden,2023-12-08
26,Riya Wallin,riya.wallin15@example.com,Helsinki,Finland,2023-10-28
6,Alice Löfgren,alice.löfgren90@example.com,Linköping,Sweden,2024-03-08
327,Mikael Karlsson,mikael.karlsson54@example.com,Brussels,Belgium,2023-07-11
330,Omar Wallin,omar.wallin48@example.com,Amsterdam,Netherlands,2023-09-17
450,Sofia Nilsson,sofia.nilsson8@example.com,Tallinn,Estonia,2023-03-12
205,Nadia Patel,nadia.patel39@example.com,Brussels,Belgium,2024-10-16
23,Maria Wallin,maria.wallin88@example.com,Linköping,Sweden,2024-03-08
343,Astrid Holm,astrid.holm40@example.com,Oslo,Norway,2024-04-01
370,Sara Ali,sara.ali76@example.com,Linköping,Sweden,2024-08-17
128,Henrik Eriksson,henrik.eriksson45@example.com,Gothenburg,Sweden,2024-06-29
56,Amina Ali,amina.ali34@example.com,Helsinki,Finland,2023-07-29
359,Petra Svensson,petra.svensson66@example.com,Berlin,Germany,2023-08-18
336,Ana Hassan,ana.hassan40@example.com,Helsinki,Finland,2024-06-11
19,Astrid Rahman,astrid.rahman51@example.com,Warsaw,Poland,2024-10-20
215,Maria Larsson,maria.larsson68@example.com,Berlin,Germany,2024-05-28
260,Riya Johansson,riya.johansson45@example.com,Helsinki,Finland,2023-01-07
206,Sofia Persson,sofia.persson39@example.com,Paris,France,2023-07-23
311,Nadia Martínez,nadia.martínez49@example.com,Oslo,Norway,2024-05-29
378,Sofia Schmidt,sofia.schmidt52@example.com,Berlin,Germany,2023-05-14
463,Yusuf Karlsson,yusuf.karlsson41@example.com,Brussels,Belgium,2024-08-14
194,Lena Schmidt,lena.schmidt89@example.com,Zurich,Switzerland,2024-02-12
217,Astrid Berg,astrid.berg10@example.com,Paris,France,2023-05-25
395,Ines Lindqvist,ines.lindqvist79@example.com,Helsinki,Finland,2023-11-23
130,David Kim,david.kim56@example.com,Uppsala,Sweden,2024-01-06
457,David Larsson,david.larsson30@example.com,Amsterdam,Netherlands,2023-09-11
407,Hanna Schmidt,hanna.schmidt59@example.com,Linköping,Sweden,2024-06-29
350,Maria Holm,maria.holm48@example.com,Paris,France,2024-01-16
256,Nils Berg,nils.berg72@example.com,Berlin,Germany,2024-01-12
210,Ana Johansson,ana.johansson78@example.com,Norrköping,Sweden,2023-12-27
36,Nadia Ali,nadia.ali16@example.com,Paris,France,2023-09-11
304,Maria Nilsson,maria.nilsson13@example.com,Oslo,Norway,2024-06-03
225,Ana Larsson,ana.larsson50@example.com,Örebro,Sweden,2024-04-09
108,Karl Martínez,karl.martínez8@example.com,London,UK,2023-07-31
237,Henrik Karlsson,henrik.karlsson42@example.com,Brussels,Belgium,2023-01-17
372,Nils Andersson,nils.andersson6@example.com,Malmö,Sweden,2024-10-18
282,Maria Löfgren,maria.löfgren23@example.com,Malmö,Sweden,2024-10-05
93,Yusuf Ali,yusuf.ali43@example.com,Zurich,Switzerland,2023-04-06
280,Ines Rahman,ines.rahman45@example.com,Berlin,Germany,2024-10-22
431,Ana Okafor,ana.okafor66@example.com,London,UK,2023-12-02
458,Maria Persson,maria.persson93@example.com,Helsingborg,Sweden,2023-04-26
59,Gustav Eriksson,gustav.eriksson10@example.com,Uppsala,Sweden,2024-07-04
187,Karl Löfgren,karl.löfgren49@example.com,Tallinn,Estonia,2024-04-11
202,Hanna Olsson,hanna.olsson64@example.com,Norrköping,Sweden,2024-08-20
479,Karl Wallin,karl.wallin40@example.com,Berlin,Germany,2023-09-25
415,Tomas Kim,tomas.kim26@example.com,Helsingborg,Sweden,2024-07-05
426,Leo Schmidt,leo.schmidt59@example.com,Oslo,Norway,2024-10-18
357,Astrid Holm,astrid.holm91@example.com,Berlin,Germany,2023-03-08
295,Omar Wallin,omar.wallin9@example.com,Helsinki,Finland,2023-12-04
419,Sofia Kim,,Uppsala,Sweden,2023-05-21
362,Sara Nilsson,sara.nilsson51@example.com,Oslo,Norway,2024-05-05
164,Nadia Berg,nadia.berg89@example.com,Paris,France,2023-11-08
427,Björn Lindqvist,björn.lindqvist60@example.com,Riga,Latvia,2023-10-07
91,Amina Olsson,amina.olsson60@example.com,Helsinki,Finland,2024-03-28
161,Jonas Persson,jonas.persson85@example.com,Brussels,Belgium,2023-07-22
246,Leo Strand,leo.strand84@example.com,Uppsala,Sweden,2024-10-28
103,Tomas Kim,tomas.kim34@example.com,Paris,France,2023-09-11
309,Tomas Martínez,tomas.martínez69@example.com,Norrköping,Sweden,2023-09-02
165,Lena Ali,lena.ali64@example.com,Tallinn,Estonia,2024-03-24
410,Yusuf Löfgren,yusuf.löfgren91@example.com,Oslo,Norway,2023-08-01
326,Jonas Strand,,Örebro,Sweden,2024-03-15
223,Layla Martínez,layla.martínez84@example.com,Oslo,Norway,2024-02-23
434,Lena Schmidt,,Oslo,Norway,2024-08-09
172,Björn Johansson,björn.johansson98@example.com,Amsterdam,Netherlands,2024-07-17
226,Tomas Strand,tomas.strand54@example.com,Tallinn,Estonia,2024-08-24
169,Petra Martínez,petra.martínez24@example.com,Copenhagen,Denmark,2024-08-22
352,Petra Persson,petra.persson15@example.com,Norrköping,Sweden,2023-01-27
318,Alice Schmidt,alice.schmidt92@example.com,Uppsala,Sweden,2024-10-27
171,Astrid Holm,astrid.holm21@example.com,Uppsala,Sweden,2023-12-04
203,Nadia Wallin,nadia.wallin59@example.com,Copenhagen,Denmark,2023-09-19
4,Gustav Andersson,gustav.andersson26@example.com,Tallinn,Estonia,2024-10-27
156,Gustav Hassan,gustav.hassan95@example.com,Zurich,Switzerland,2023-04-12
70,Sofia Lindqvist,sofia.lindqvist5@example.com,Tallinn,Estonia,2024-01-14
390,Riya Larsson,riya.larsson80@example.com,Copenhagen,Denmark,2024-11-27
235,Nils Lindqvist,nils.lindqvist70@example.com,Örebro,Sweden,2023-09-14
101,Karl Olsson,karl.olsson97@example.com,Helsinki,Finland,2024-03-29
316,Jonas Martínez,jonas.martínez4@example.com,Berlin,Germany,2024-02-29
488,Victor Larsson,victor.larsson68@example.com,Gothenburg,Sweden,2023-02-04
254,Tomas Hassan,tomas.hassan77@example.com,Oslo,Norway,2023-11-16
321,Sara Andersson,sara.andersson28@example.com,Copenhagen,Denmark,2023-06-03
404,David Lindqvist,david.lindqvist89@example.com,London,UK,2023-07-28
129,Mikael Nilsson,,Riga,Latvia,2023-12-16
385,Omar Hassan,omar.hassan64@example.com,Oslo,Norway,2024-09-03
478,Hanna Karlsson,hanna.karlsson42@example.com,Tallinn,Estonia,2023-10-17
248,David Schmidt,david.schmidt52@example.com,Paris,France,2024-03-01
460,Sara Berg,sara.berg5@example.com,Zurich,Switzerland,2024-04-02
216,Layla Svensson,layla.svensson62@example.com,Copenhagen,Denmark,2023-10-30
142,Mikael Nguyen,mikael.nguyen43@example.com,Tallinn,Estonia,2023-12-27
223,Layla Martínez,layla.martínez84@example.com,Oslo,Norway,2024-02-23
86,Rashid Schmidt,rashid.schmidt41@example.com,Zurich,Switzerland,2024-11-10
33,Maria Holm,maria.holm71@example.com,Warsaw,Poland,2023-06-19
75,Tomas Schmidt,tomas.schmidt86@example.com,London,UK,2023-09-12
253,Leo Nguyen,leo.nguyen86@example.com,Berlin,Germany,2024-03-09
412,Henrik Björk,henrik.björk37@example.com,Copenhagen,Denmark,2023-05-05
155,Victor Martínez,victor.martínez76@example.com,Oslo,Norway,2024-03-15
400,Gustav Kim,gustav.kim84@example.com,Copenhagen,Denmark,2024-08-15
446,Björn Nilsson,björn.nilsson58@example.com,Riga,Latvia,2023-02-26
354,Lena Strand,lena.strand28@example.com,Paris,France,2024-09-18
398,Layla Andersson,layla.andersson43@example.com,Berlin,Germany,2024-11-20
481,Astrid Rahman,astrid.rahman41@example.com,Berlin,Germany,2024-02-28
87,Tomas Johansson,tomas.johansson40@example.com,Riga,Latvia,2024-11-13
267,Ines Berg,ines.berg56@example.com,Berlin,Germany,2023-04-24
293,Nadia Ali,nadia.ali79@example.com,Riga,Latvia,2023-06-12
125,Alice Johansson,alice.johansson87@example.com,Brussels,Belgium,2024-01-20
287,Nadia Martínez,nadia.martínez8@example.com,Gothenburg,Sweden,2024-01-13
408,Mikael Holm,mikael.holm79@example.com,Copenhagen,Denmark,2024-05-10
199,Ana Andersson,ana.andersson42@example.com,Gothenburg,Sweden,2023-02-27
212,Maria Wallin,maria.wallin81@example.com,Uppsala,Sweden,2024-10-23
150,Björn Kim,björn.kim44@example.com,Paris,France,2023-07-08
7,Maria Rahman,maria.rahman14@example.com,Helsinki,Finland,2023-04-05
198,Leo Löfgren,leo.löfgren57@example.com,Uppsala,Sweden,2023-06-20
167,Jonas Holm,jonas.holm76@example.com,Brussels,Belgium,2023-01-22
307,Erik Strand,erik.strand22@example.com,Zurich,Switzerland,2024-03-24
306,Riya Olsson,riya.olsson77@example.com,Örebro,Sweden,2024-01-21
48,Björn Kim,björn.kim52@example.com,Helsingborg,Sweden,2023-03-02
416,Karl Strand,karl.strand18@example.com,Copenhagen,Denmark,2023-04-22
182,Layla Kim,layla.kim32@example.com,Warsaw,Poland,2024-04-12
46,Victor Nilsson,victor.nilsson71@example.com,Paris,France,2023-04-11
14,Lena Strand,lena.strand78@example.com,Malmö,Sweden,2024-10-12
383,Ines Martínez,,Warsaw,Poland,2024-05-24
209,Alice Eriksson,alice.eriksson78@example.com,Gothenburg,Sweden,2024-05-23
263,Astrid Svensson,astrid.svensson40@example.com,Berlin,Germany,2023-11-29
285,Nadia Nilsson,nadia.nilsson57@example.com,Warsaw,Poland,2024-10-08
286,Lena Eriksson,lena.eriksson46@example.com,Gothenburg,Sweden,2024-06-03
230,Petra Patel,petra.patel51@example.com,Gothenburg,Sweden,2023-10-10
221,Mikael Berg,mikael.berg61@example.com,Norrköping,Sweden,2023-01-26
413,Karl Okafor,karl.okafor45@example.com,Amsterdam,Netherlands,2023-05-30
45,Maria Nguyen,maria.nguyen36@example.com,Linköping,Sweden,2024-04-18
68,Petra Persson,petra.persson95@example.com,Linköping,Sweden,2024-03-28
53,Ines Nilsson,ines.nilsson9@example.com,Linköping,Sweden,2024-09-01
485,Rashid Schmidt,rashid.schmidt98@example.com,Copenhagen,Denmark,2024-05-15
391,Maria Berg,maria.berg48@example.com,Amsterdam,Netherlands,2023-12-14
228,Lena Hassan,lena.hassan28@example.com,Berlin,Germany,2024-03-30
158,Jonas Svensson,,Tallinn,Estonia,2023-06-10
3,David Hassan,david.hassan12@example.com,Stockholm,Sweden,2023-08-12
47,Karl Andersson,karl.andersson97@example.com,Malmö,Sweden,2023-08-31
55,Gustav Hassan,gustav.hassan11@example.com,Zurich,Switzerland,2024-03-05
185,Alice Johansson,alice.johansson76@example.com,Oslo,Norway,2024-08-16
163,Erik Johansson,erik.johansson96@example.com,Zurich,Switzerland,2024-08-05
453,Victor Okafor,victor.okafor11@example.com,Amsterdam,Netherlands,2024-11-30
447,Ines Nguyen,ines.nguyen73@example.com,Paris,France,2023-03-01
399,David Eriksson,david.eriksson93@example.com,Oslo,Norway,2024-12-05
423,Tomas Björk,tomas.björk23@example.com,Gothenburg,Sweden,2024-03-03
464,Rashid Schmidt,rashid.schmidt39@example.com,Norrköping,Sweden,2023-05-27
409,Jonas Persson,jonas.persson39@example.com,Tallinn,Estonia,2023-08-19
79,Astrid Persson,astrid.persson99@example.com,Malmö,Sweden,2023-10-13
138,Ines Rahman,ines.rahman31@example.com,Malmö,Sweden,2024-02-21
43,Omar Holm,omar.holm8@example.com,Uppsala,Sweden,2024-02-17
38,Alice Nilsson,alice.nilsson30@example.com,Gothenburg,Sweden,2023-03-11
366,Maria Nguyen,maria.nguyen8@example.com,Riga,Latvia,2023-05-08
127,Jonas Berg,jonas.berg88@example.com,Oslo,Norway,2024-09-06
152,Amina Wallin,amina.wallin20@example.com,Gothenburg,Sweden,2023-06-02
317,Ines Patel,ines.patel50@example.com,Norrköping,Sweden,2023-03-25
396,Gustav Björk,gustav.björk76@example.com,Oslo,Norway,2023-12-11
44,Henrik Berg,henrik.berg25@example.com,Norrköping,Sweden,2023-07-14
195,Nils Schmidt,nils.schmidt49@example.com,Tallinn,Estonia,2023-11-21
339,Leo Patel,leo.patel52@example.com,London,UK,2024-03-26
300,Henrik Schmidt,henrik.schmidt86@example.com,Örebro,Sweden,2024-12-20
349,Petra Patel,petra.patel50@example.com,Berlin,Germany,2024-08-03
96,Ana Wallin,ana.wallin25@example.com,Brussels,Belgium,2024-12-14
222,Karl Schmidt,karl.schmidt29@example.com,Zurich,Switzerland,2024-10-25
193,Maria Nguyen,maria.nguyen10@example.com,Örebro,Sweden,2024-04-25
284,Amina Wallin,amina.wallin42@example.com,Zurich,Switzerland,2024-10-04
183,Hanna Rahman,hanna.rahman66@example.com,Zurich,Switzerland,2023-05-20
117,Lena Okafor,lena.okafor28@example.com,Helsinki,Finland,2024-04-10
252,Karl Hassan,karl.hassan72@example.com,Brussels,Belgium,2024-07-29
231,Leo Martínez,leo.martínez85@example.com,Malmö,Sweden,2023-08-06
433,Jonas Andersson,jonas.andersson50@example.com,Copenhagen,Denmark,2023-08-30
140,Henrik Andersson,henrik.andersson38@example.com,Malmö,Sweden,2023-08-15
325,Björn Olsson,björn.olsson3@example.com,Tallinn,Estonia,2024-10-09
16,Victor Wallin,victor.wallin29@example.com,Tallinn,Estonia,2024-12-02
168,Rashid Persson,rashid.persson6@example.com,Brussels,Belgium,2023-06-29
397,Ines Larsson,ines.larsson91@example.com,Warsaw,Poland,2024-07-30
491,Fatima Ali,fatima.ali48@example.com,Paris,France,2023-03-03
305,Layla Björk,layla.björk5@example.com,Riga,Latvia,2024-11-08
315,Ana Ali,ana.ali56@example.com,Örebro,Sweden,2023-04-04
394,Henrik Kim,henrik.kim59@example.com,Riga,Latvia,2023-06-02
310,Henrik Kim,henrik.kim48@example.com,Helsingborg,Sweden,2024-11-25
175,Omar Rahman,omar.rahman47@example.com,Riga,Latvia,2024-09-29
482,Nils Karlsson,nils.karlsson3@example.com,Örebro,Sweden,2023-09-25
430,Amina Holm,amina.holm23@example.com,Helsingborg,Sweden,2024-09-17
119,Sara Kim,sara.kim96@example.com,Stockholm,Sweden,2024-07-06
224,Omar Hassan,omar.hassan64@example.com,Oslo,Norway,2023-04-29
51,Omar Eriksson,omar.eriksson8@example.com,Tallinn,Estonia,2023-11-18
28,Leo Wallin,leo.wallin82@example.com,Oslo,Norway,2024-06-03
178,Petra Olsson,petra.olsson91@example.com,Norrköping,Sweden,2023-06-12
382,Victor Eriksson,victor.eriksson25@example.com,Helsinki,Finland,2023-06-13
257,Lena Eriksson,lena.eriksson55@example.com,Norrköping,Sweden,2024-07-28
41,Jonas Kim,jonas.kim25@example.com,London,UK,2023-04-07
371,Rashid Olsson,rashid.olsson44@example.com,Zurich,Switzerland,2024-07-31
353,Björn Ali,björn.ali72@example.com,Amsterdam,Netherlands,2023-05-01
405,Riya Olsson,riya.olsson95@example.com,Warsaw,Poland,2023-03-05
72,Victor Hassan,victor.hassan27@example.com,Berlin,Germany,2024-11-29
379,Ines Larsson,ines.larsson41@example.com,Uppsala,Sweden,2023-09-05
387,Leo Nguyen,leo.nguyen34@example.com,Örebro,Sweden,2024-01-10
197,Jonas Wallin,jonas.wallin30@example.com,Oslo,Norway,2023-04-03
256,Nils Berg,nils.berg72@example.com,Berlin,Germany,2024-01-12
277,Sara Nguyen,sara.nguyen32@example.com,Uppsala,Sweden,2024-03-22
347,Ines Björk,ines.björk4@example.com,Linköping,Sweden,2023-05-27
200,Mikael Nguyen,mikael.nguyen32@example.com,Örebro,Sweden,2024-06-27
435,Petra Patel,petra.patel8@example.com,Norrköping,Sweden,2024-11-14
428,Leo Schmidt,leo.schmidt94@example.com,Linköping,Sweden,2024-04-14
487,Mikael Svensson,mikael.svensson93@example.com,Örebro,Sweden,2024-07-13
124,Tomas Strand,tomas.strand21@example.com,Uppsala,Sweden,2023-11-15
476,Victor Andersson,victor.andersson25@example.com,Helsingborg,Sweden,2023-05-01
84,David Andersson,david.andersson69@example.com,Riga,Latvia,2024-12-04
154,Gustav Olsson,gustav.olsson29@example.com,Zurich,Switzerland,2024-06-19
40,Björn Rahman,björn.rahman17@example.com,Tallinn,Estonia,2024-08-07
204,Ana Martínez,ana.martínez87@example.com,Oslo,Norway,2024-07-13
465,Ines Karlsson,ines.karlsson39@example.com,London,UK,2023-10-09
365,Maria Löfgren,maria.löfgren82@example.com,Tallinn,Estonia,2024-08-24
421,Fatima Löfgren,fatima.löfgren42@example.com,Oslo,Norway,2023-10-20
386,Petra Holm,,Warsaw,Poland,2024-07-03
74,Victor Karlsson,,Linköping,Sweden,2024-02-27
301,Tomas Holm,tomas.holm12@example.com,Riga,Latvia,2024-10-23
107,Sofia Lindqvist,sofia.lindqvist9@example.com,Helsingborg,Sweden,2024-02-29
9,Karl Berg,karl.berg11@example.com,Amsterdam,Netherlands,2024-07-19
162,Karl Karlsson,karl.karlsson35@example.com,Örebro,Sweden,2023-05-26
436,Yusuf Svensson,yusuf.svensson88@example.com,Amsterdam,Netherlands,2024-05-29
92,Fatima Ali,fatima.ali95@example.com,Warsaw,Poland,2023-06-23
17,Riya Löfgren,riya.löfgren30@example.com,Gothenburg,Sweden,2023-02-02
337,Layla Larsson,layla.larsson33@example.com,Warsaw,Poland,2023-02-07
289,Nadia Eriksson,nadia.eriksson95@example.com,Tallinn,Estonia,2023-02-12
279,Riya Svensson,riya.svensson66@example.com,Malmö,Sweden,2024-10-10
461,Sofia Hassan,sofia.hassan95@example.com,Norrköping,Sweden,2023-02-15
144,Astrid Berg,astrid.berg98@example.com,Tallinn,Estonia,2024-12-07
483,Amina Eriksson,amina.eriksson38@example.com,London,UK,2023-06-06
351,Sara Eriksson,sara.eriksson68@example.com,Örebro,Sweden,2024-01-11
39,Nils Schmidt,nils.schmidt66@example.com,Malmö,Sweden,2023-09-01
474,Gustav Hassan,gustav.hassan25@example.com,Malmö,Sweden,2024-08-24
24,Hanna Okafor,hanna.okafor60@example.com,Zurich,Switzerland,2024-06-25
139,Riya Karlsson,riya.karlsson83@example.com,Warsaw,Poland,2024-12-29
244,Lena Olsson,lena.olsson71@example.com,Brussels,Belgium,2024-12-30
291,Maria Hassan,maria.hassan14@example.com,Paris,France,2023-12-18
455,Karl Okafor,karl.okafor17@example.com,Riga,Latvia,2023-08-17
355,Victor Kim,victor.kim16@example.com,Helsingborg,Sweden,2023-05-19
445,Ines Martínez,ines.martínez88@example.com,Uppsala,Sweden,2023-07-30
462,Jonas Larsson,jonas.larsson97@example.com,Helsingborg,Sweden,2023-02-27
109,Hanna Löfgren,hanna.löfgren90@example.com,Brussels,Belgium,2023-01-21
118,Riya Okafor,riya.okafor97@example.com,Copenhagen,Denmark,2024-03-07
22,Maria Ali,maria.ali12@example.com,Warsaw,Poland,2023-02-18
471,David Larsson,david.larsson18@example.com,Riga,Latvia,2024-02-02
271,Leo Andersson,leo.andersson96@example.com,Warsaw,Poland,2024-03-16
459,Rashid Nguyen,rashid.nguyen99@example.com,Zurich,Switzerland,2023-01-17
49,Alice Okafor,alice.okafor59@example.com,Copenhagen,Denmark,2023-10-20
499,Sara Wallin,sara.wallin12@example.com,Gothenburg,Sweden,2024-02-20
440,Sofia Larsson,sofia.larsson97@example.com,Warsaw,Poland,2024-07-04
290,Henrik Eriksson,henrik.eriksson42@example.com,Helsingborg,Sweden,2024-09-11
170,Layla Kim,layla.kim61@example.com,Malmö,Sweden,2023-12-23
402,Tomas Olsson,tomas.olsson19@example.com,Amsterdam,Netherlands,2024-11-28
331,Mikael Nilsson,mikael.nilsson31@example.com,Berlin,Germany,2024-11-03
